{
  "test_summary": {
    "timestamp": "2025-08-26T04:31:49.865883",
    "total_endpoints_tested": 4,
    "sla_pass_rate": 50.0,
    "overall_result": "FAIL",
    "total_requests": 460,
    "successful_requests": 200,
    "overall_success_rate": 43.47826086956522,
    "total_test_duration": 80.30330184986815
  },
  "endpoint_results": [
    {
      "endpoint": "/health",
      "method": "GET",
      "total_requests": 200,
      "successful_requests": 200,
      "failed_requests": 0,
      "error_rate": 0.0,
      "response_times": [
        0.007185911992564797,
        0.008592820959165692,
        0.009586713975295424,
        0.008654912002384663,
        0.008649226976558566,
        0.009186721174046397,
        0.009400461101904511,
        0.009168823948130012,
        0.009355643996968865,
        0.009148022858425975,
        0.011259943014010787,
        0.011392067885026336,
        0.011472896905615926,
        0.011895830044522882,
        0.011998384958133101,
        0.011737999971956015,
        0.011354899033904076,
        0.01145236799493432,
        0.011571834096685052,
        0.012822261080145836,
        0.0021225931122899055,
        0.0031512309797108173,
        0.0033466159366071224,
        0.003477065823972225,
        0.003331440035253763,
        0.003281487850472331,
        0.0032024700194597244,
        0.003105076029896736,
        0.004580410895869136,
        0.00472374795936048,
        0.0054005279671400785,
        0.006106231128796935,
        0.005907824961468577,
        0.005860419012606144,
        0.005787605186924338,
        0.005734608042985201,
        0.005683486815541983,
        0.005632966989651322,
        0.005583741003647447,
        0.006249489029869437,
        0.0035567800514400005,
        0.003026665886864066,
        0.0034090380650013685,
        0.0032880669459700584,
        0.003128451993688941,
        0.002901243045926094,
        0.003812712850049138,
        0.0037373669911175966,
        0.003633130108937621,
        0.0035505208652466536,
        0.0033197328448295593,
        0.004085199907422066,
        0.00401357002556324,
        0.004538405919447541,
        0.004462186945602298,
        0.004385549109429121,
        0.0042946659959852695,
        0.004203938879072666,
        0.0041220360435545444,
        0.004042570013552904,
        0.007486096117645502,
        0.006281089968979359,
        0.00619394495151937,
        0.006875904044136405,
        0.007353318156674504,
        0.012096067890524864,
        0.011994915083050728,
        0.01159697282128036,
        0.013060984201729298,
        0.01288129179738462,
        0.012522699078544974,
        0.012382440036162734,
        0.012188296066597104,
        0.012038412038236856,
        0.011854408076032996,
        0.013300837948918343,
        0.01252900599502027,
        0.0123800418805331,
        0.012669231975451112,
        0.01253286493010819,
        0.00734212901443243,
        0.010869547026231885,
        0.010735938092693686,
        0.011435826774686575,
        0.012605438008904457,
        0.011311340145766735,
        0.01104932907037437,
        0.023034387966617942,
        0.022855864139273763,
        0.022823737934231758,
        0.024416393134742975,
        0.02424903796054423,
        0.024003334110602736,
        0.023842220893129706,
        0.023894573096185923,
        0.023417145013809204,
        0.02318745502270758,
        0.022990441881120205,
        0.023854338098317385,
        0.022720910143107176
      ],
      "mean_response_time": 0.009431294545065612,
      "median_response_time": 0.008015992003493011,
      "p95_response_time": 0.022862593026366087,
      "p99_response_time": 0.02400579114910215,
      "min_response_time": 0.0018825288861989975,
      "max_response_time": 0.024416393134742975,
      "requests_per_second": 7.357784137626693,
      "sla_target": 0.05,
      "sla_passed": true,
      "test_duration": 27.182096709962934,
      "timestamp": "2025-08-26T04:30:56.743672"
    },
    {
      "endpoint": "/data",
      "method": "POST",
      "total_requests": 200,
      "successful_requests": 0,
      "failed_requests": 200,
      "error_rate": 100.0,
      "response_times": [
        0.23001772817224264,
        0.2340896730311215,
        0.23456737003289163,
        0.2382543298881501,
        0.23854573513381183,
        0.2388175108935684,
        0.2418856299482286,
        0.2426509391516447,
        0.2425688779912889,
        0.2424347479827702,
        0.24509021313861012,
        0.2451270930469036,
        0.24583828495815396,
        0.24589900393038988,
        0.2459182390011847,
        0.24785517808049917,
        0.2482295110821724,
        0.24825781513936818,
        0.24782345909625292,
        0.2478313110768795,
        0.0910551908891648,
        0.09306840784847736,
        0.09629846992902458,
        0.10319465189240873,
        0.1054134659934789,
        0.10545786400325596,
        0.10544258309528232,
        0.10623849695548415,
        0.10618691705167294,
        0.10613283119164407,
        0.10607380885630846,
        0.10601436509750783,
        0.10595350107178092,
        0.1058900251518935,
        0.10582683398388326,
        0.10565849184058607,
        0.10547472210600972,
        0.1053937308024615,
        0.10535233118571341,
        0.10530328494496644,
        0.22053932189010084,
        0.2214860289823264,
        0.22631892701610923,
        0.22650027903728187,
        0.2323045248631388,
        0.23203632305376232,
        0.23316558706574142,
        0.23459869110956788,
        0.23430466116406024,
        0.2351024691015482,
        0.23479506000876427,
        0.2343785900156945,
        0.23404766502790153,
        0.23366432008333504,
        0.2333434100728482,
        0.23296971386298537,
        0.23265732708387077,
        0.23226191895082593,
        0.23194366903044283,
        0.23150408710353076,
        0.0792072070762515,
        0.08251837501302361,
        0.0828648570459336,
        0.08827782305888832,
        0.08857793780043721,
        0.0883497348986566,
        0.09101200406439602,
        0.09100089501589537,
        0.09095530700869858,
        0.09090119996108115,
        0.09083670587278903,
        0.09077466209419072,
        0.09124286589212716,
        0.09121526195667684,
        0.09116421500220895,
        0.09111632104031742,
        0.09107769886031747,
        0.09105223114602268,
        0.09100710297934711,
        0.09092168207280338,
        0.11161851603537798,
        0.11404545418918133,
        0.11711238394491374,
        0.11809425498358905,
        0.12151470920071006,
        0.12135053309611976,
        0.12194956396706402,
        0.1217438280582428,
        0.122827721061185,
        0.12257585697807372,
        0.12240927596576512,
        0.12212990690022707,
        0.12189531396143138,
        0.121660518925637,
        0.12197343818843365,
        0.12178007001057267,
        0.12144115683622658,
        0.12115961010567844,
        0.12093973811715841,
        0.12072046799585223
      ],
      "mean_response_time": 0.16660051753084795,
      "median_response_time": 0.16442954761441797,
      "p95_response_time": 0.24589996568392963,
      "p99_response_time": 0.24815838781185448,
      "min_response_time": 0.0792072070762515,
      "max_response_time": 0.24825781513936818,
      "requests_per_second": 6.989539053036584,
      "sla_target": 0.5,
      "sla_passed": true,
      "test_duration": 28.614190218038857,
      "timestamp": "2025-08-26T04:31:25.358365"
    },
    {
      "endpoint": "/signals",
      "method": "POST",
      "total_requests": 50,
      "successful_requests": 0,
      "failed_requests": 50,
      "error_rate": 100.0,
      "response_times": [],
      "mean_response_time": 0,
      "median_response_time": 0,
      "p95_response_time": 0,
      "p99_response_time": 0,
      "min_response_time": 0,
      "max_response_time": 0,