{
  "total_trades": 1,
  "winning_trades": 0,
  "losing_trades": 1,
  "win_rate": 0.0,
  "total_pnl": -1498.4998846065066,
  "total_return": -0.014984998846065137,
  "avg_win": 0,
  "avg_loss": -1498.4998846065066,
  "profit_factor": 0.0,
  "sharpe_ratio": -0.5596902751638548,
  "max_drawdown": -0.03376861054156468,
  "avg_holding_days": 448.0
}
